method_name, cluster_id
FunctionSignature(IVsSolutionEvents::OnAfterCloseSolution:1):41,1
FunctionSignature(IVsSolutionEvents::OnBeforeUnloadProject:2):71,2
FunctionSignature(PrintSwumCache:1):216,3
FunctionSignature(IVsSolutionEvents::OnBeforeCloseProject:2):61,3
FunctionSignature(IVsSolutionEvents::OnAfterOpenProject:2):51,4
FunctionSignature(IVsSolutionEvents::OnQueryCloseSolution:2):81,4
FunctionSignature(Configuration::GetValue:1):7,5
ConstructorSignature(SandoOptions::SandoOptions:2):8,5
FunctionSignature(SandoOptions::get:0):20,5
FunctionSignature(SandoOptions::set:0):20,5
FunctionSignature(SandoOptions::get:0):21,5
FunctionSignature(SandoOptions::set:0):21,5
ConstructorSignature(SandoOptionsControl::SandoOptionsControl:0):30,5
FunctionSignature(SandoOptionsControl::Dispose:1):44,5
FunctionSignature(SandoOptionsControl::InitializeComponent:0):68,5
FunctionSignature(SandoOptionsControl::get:0):178,5
FunctionSignature(SandoOptionsControl::set:0):182,5
FunctionSignature(SandoOptionsControl::get:0):190,5
FunctionSignature(SandoOptionsControl::set:0):194,5
FunctionSignature(SandoOptionsControl::get:0):202,5
FunctionSignature(SandoOptionsControl::set:0):206,5
FunctionSignature(SandoOptionsControl::ExtensionPointsPluginDirectoryPathButton_Click:2):214,5
FunctionSignature(SandoOptionsControl::SearchResultsConfigurationNumberOfResultsReturnedTextBox_TextChanged:2):228,5
ConstructorSignature(CppUnresolvedMethodElement::CppUnresolvedMethodElement:10):9,5
FunctionSignature(CppUnresolvedMethodElement::TryResolve:2):22,5
FunctionSignature(CppUnresolvedMethodElement::ResolveClassId:3):37,5
FunctionSignature(CppUnresolvedMethodElement::ResolveAccessType:3):52,5
FunctionSignature(CppUnresolvedMethodElement::get:0):68,5
FunctionSignature(CppUnresolvedMethodElement::set:0):68,5
FunctionSignature(CppUnresolvedMethodElement::get:0):69,5
FunctionSignature(CppUnresolvedMethodElement::set:0):69,5
FunctionSignature(CppUnresolvedMethodElement::get:0):70,5
FunctionSignature(CppUnresolvedMethodElement::set:0):70,5
ConstructorSignature(MethodElement::MethodElement:12):8,5
FunctionSignature(MethodElement::get:0):29,5
FunctionSignature(MethodElement::set:0):29,5
FunctionSignature(MethodElement::get:0):30,5
FunctionSignature(MethodElement::set:0):30,5
FunctionSignature(MethodElement::get:0):31,5
FunctionSignature(MethodElement::set:0):31,5
FunctionSignature(MethodElement::get:0):32,5
FunctionSignature(MethodElement::set:0):32,5
FunctionSignature(MethodElement::get:0):33,5
FunctionSignature(MethodElement::set:0):33,5
FunctionSignature(MethodElement::get:0):34,5
FunctionSignature(MethodElement::set:0):34,5
FunctionSignature(MethodElement::get:0):35,5
FunctionSignature(MethodElement::set:0):35,5
FunctionSignature(MethodElement::get:0):36,5
FunctionSignature(MethodElement::set:0):36,5
FunctionSignature(MethodElement::get:0):37,5
ConstructorSignature(SolutionKey::SolutionKey:3):8,5
FunctionSignature(SolutionKey::GetSolutionId:0):20,5
FunctionSignature(SolutionKey::GetIndexPath:0):25,5
FunctionSignature(SolutionKey::GetSolutionPath:0):30,5
ConstructorSignature(SandoException::SandoException:2):8,5
ConstructorSignature(SandoException::SandoException:3):13,5
ConstructorSignature(SandoException::SandoException:3):18,5
FunctionSignature(ExtensionPointsRepository::GetParserImplementation:1):14,5
FunctionSignature(ExtensionPointsRepository::RegisterParserImplementation:2):25,5
FunctionSignature(ExtensionPointsRepository::GetWordSplitterImplementation:0):36,5
FunctionSignature(ExtensionPointsRepository::RegisterWordSplitterImplementation:1):41,5
FunctionSignature(ExtensionPointsRepository::GetResultsReordererImplementation:0):48,5
FunctionSignature(ExtensionPointsRepository::RegisterResultsReordererImplementation:1):53,5
FunctionSignature(ExtensionPointsRepository::GetQueryWeightsSupplierImplementation:0):60,5
FunctionSignature(ExtensionPointsRepository::RegisterQueryWeightsSupplierImplementation:1):65,5
FunctionSignature(ExtensionPointsRepository::GetQueryRewriterImplementation:0):72,5
FunctionSignature(ExtensionPointsRepository::RegisterQueryRewriterImplementation:1):77,5
FunctionSignature(ExtensionPointsRepository::ClearRepository:0):84,5
FunctionSignature(ExtensionPointsRepository::get:0):95,5
ConstructorSignature(ExtensionPointsRepository::ExtensionPointsRepository:0):105,5
FunctionSignature(BaseExtensionPointConfiguration::get:0):5,5
FunctionSignature(BaseExtensionPointConfiguration::set:0):5,5
FunctionSignature(BaseExtensionPointConfiguration::get:0):6,5
FunctionSignature(BaseExtensionPointConfiguration::set:0):6,5
FunctionSignature(ExtensionPointsConfiguration::get:0):7,5
FunctionSignature(ExtensionPointsConfiguration::set:0):7,5
FunctionSignature(ExtensionPointsConfiguration::get:0):8,5
FunctionSignature(ExtensionPointsConfiguration::set:0):8,5
FunctionSignature(ExtensionPointsConfiguration::get:0):9,5
FunctionSignature(ExtensionPointsConfiguration::set:0):9,5
FunctionSignature(ExtensionPointsConfiguration::get:0):10,5
FunctionSignature(ExtensionPointsConfiguration::set:0):10,5
FunctionSignature(ExtensionPointsConfiguration::get:0):11,5
FunctionSignature(ExtensionPointsConfiguration::set:0):11,5
FunctionSignature(ExtensionPointsConfiguration::get:0):12,5
FunctionSignature(ExtensionPointsConfiguration::set:0):12,5
FunctionSignature(ExtensionPointsConfigurationAnalyzer::FindAndRegisterValidExtensionPoints:2):16,5
FunctionSignature(ExtensionPointsConfigurationAnalyzer::RemoveInvalidConfigurations:2):30,5
FunctionSignature(ExtensionPointsConfigurationAnalyzer::RemoveInvalidParserConfigurations:2):44,5
FunctionSignature(ExtensionPointsConfigurationAnalyzer::RemoveInvalidWordSplitterConfiguration:2):56,5
FunctionSignature(ExtensionPointsConfigurationAnalyzer::RemoveInvalidResultsReordererConfiguration:2):65,5
FunctionSignature(ExtensionPointsConfigurationAnalyzer::RemoveInvalidQueryWeightsSupplierConfiguration:2):74,5
FunctionSignature(ExtensionPointsConfigurationAnalyzer::RemoveInvalidQueryRewriterConfiguration:2):83,5
FunctionSignature(ExtensionPointsConfigurationAnalyzer::IsConfigurationInvalid:1):92,5
FunctionSignature(ExtensionPointsConfigurationAnalyzer::FindAndRegisterValidParserExtensionPoints:2):97,5
FunctionSignature(ExtensionPointsConfigurationAnalyzer::FindAndRegisterValidWordSplitterExtensionPoints:2):118,5
FunctionSignature(ExtensionPointsConfigurationAnalyzer::FindAndRegisterValidResultsReordererExtensionPoints:2):139,5
FunctionSignature(ExtensionPointsConfigurationAnalyzer::FindAndRegisterValidQueryWeightsSupplierExtensionPoints:2):160,5
FunctionSignature(ExtensionPointsConfigurationAnalyzer::FindAndRegisterValidQueryRewriterExtensionPoints:2):181,5
FunctionSignature(ExtensionPointsConfigurationAnalyzer::LoadAssembly:2):202,5
FunctionSignature(ExtensionPointsConfigurationAnalyzer::CreateInstance:3):208,5
FunctionSignature(ExtensionPointsConfigurationFileReader::ReadAndValidate:2):11,5
FunctionSignature(ExtensionPointsConfigurationFileReader::WriteConfiguration:2):30,5
FunctionSignature(ExtensionPointsConfigurationFileReader::TryRetrieveConfigurationObject:1):49,5
ConstructorSignature(ParserExtensionPointsConfiguration::ParserExtensionPointsConfiguration:0):7,5
FunctionSignature(ParserExtensionPointsConfiguration::get:0):13,5
FunctionSignature(ParserExtensionPointsConfiguration::set:0):13,5
FunctionSignature(ParserExtensionPointsConfiguration::get:0):14,5
FunctionSignature(ParserExtensionPointsConfiguration::set:0):14,5
FunctionSignature(ExceptionFormatter::CreateMessage:1):7,5
FunctionSignature(ExceptionFormatter::CreateMessage:2):12,5
FunctionSignature(FileLogger::CreateCustomLogger:1):13,5
ConstructorSignature(FileLogger::FileLogger:0):20,5
FunctionSignature(FileLogger::get:0):30,5
FunctionSignature(FileLogger::CreateLog:1):36,5
FunctionSignature(WordSplitter::ExtractWords:1):12,5
FunctionSignature(WordSplitter::ExtractSearchTerms:1):21,5
FunctionSignature(WordSplitter::InvalidCharactersFound:1):61,5
ConstructorSignature(PaiceStemmer::PaiceStemmer:2):20,5
FunctionSignature(PaiceStemmer::stripAffixes:1):35,5
FunctionSignature(PaiceStemmer::ReadRules:1):58,5
FunctionSignature(PaiceStemmer::stripSuffixes:1):121,5
FunctionSignature(PaiceStemmer::FirstVowel:2):326,5
FunctionSignature(PaiceStemmer::vowel:2):354,5
FunctionSignature(PaiceStemmer::charCode:1):390,5
FunctionSignature(PaiceStemmer::stripPrefixes:1):402,5
FunctionSignature(PaiceStemmer::Clean:1):434,5
ConstructorSignature(PaiceStemmerExtension::PaiceStemmerExtension:0):18,5
FunctionSignature(PaiceStemmerExtension::RewriteQuery:1):23,5
FunctionSignature(PaiceStemmerExtension::Parse:1):28,5
FunctionSignature(PaiceStemmerExtension::StemSentence:1):53,5
FunctionSignature(PaiceStemmerTest::StemmingTest:0):12,5
FunctionSignature(RelevanceFeedbackExtension::get:0):36,5
FunctionSignature(RelevanceFeedbackExtension::set:0):36,5
ConstructorSignature(RelevanceFeedbackExtension::RelevanceFeedbackExtension:0):46,5
ConstructorSignature(RelevanceFeedbackExtension::RelevanceFeedbackExtension:1):51,5
FunctionSignature(RelevanceFeedbackExtension::RewriteQuery:1):76,5
FunctionSignature(RelevanceFeedbackExtension::ReorderSearchResults:1):83,5
FunctionSignature(RelevanceFeedbackExtension::NotifySelection:1):127,5
FunctionSignature(RelevanceFeedbackExtension::RerankResults:2):142,5
FunctionSignature(RelevanceFeedbackExtension::WriteTrainingEntry:2):154,5
FunctionSignature(RelevanceFeedbackExtension::WriteRankingEntry:2):159,5
FunctionSignature(RelevanceFeedbackExtension::ReadNumberOfTrainingEntries:1):164,5
FunctionSignature(ContractForIMetric::runMetric:2):21,5
FunctionSignature(TopOfFile::runMetric:2):35,5
FunctionSignature(OriginalSandoRank::runMetric:2):46,5
FunctionSignature(QueryFileNameCosine::runMetric:2):54,5
FunctionSignature(QueryElementNameCosine::runMetric:2):67,5
FunctionSignature(QuerySnippetCosine::runMetric:2):84,5
FunctionSignature(Method_QueryArgsCosine::runMetric:2):101,5
FunctionSignature(Method_QueryClassNameCosine::runMetric:2):122,5
FunctionSignature(IsMethod::runMetric:2):143,5
FunctionSignature(IsComment::runMetric:2):162,5
FunctionSignature(MetricUtils::SentenceCosineSimilarity:2):179,5
FunctionSignature(RFRankGenerator::get:0):17,5
FunctionSignature(RFRankGenerator::set:0):17,5
ConstructorSignature(RFRankGenerator::RFRankGenerator:1):19,5
FunctionSignature(RFRankGenerator::GenerateModel:2):28,5
FunctionSignature(GenerateRanking:3):54,5
ConstructorSignature(RFTrainingEntry::RFTrainingEntry:4):12,5
FunctionSignature(RFTrainingEntry::AddRelevance:1):21,5
FunctionSignature(RFTrainingEntry::SerializeInClickedOrder:0):34,5
FunctionSignature(RFTrainingEntry::SerializeInSandoOrder:0):56,5
FunctionSignature(RFTrainingEntry::IsComplete:0):69,5
FunctionSignature(RFTrainingEntry::SerializeCodeSearchResult:1):74,5
FunctionSignature(RFTrainingEntry::get:0):89,5
FunctionSignature(RFTrainingEntry::set:0):89,5
FunctionSignature(RFTrainingEntry::get:0):90,5
FunctionSignature(RFTrainingEntry::set:0):90,5
FunctionSignature(RFTrainingEntry::get:0):91,5
FunctionSignature(RFTrainingEntry::set:0):91,5
FunctionSignature(SpellCheckingQueryRewriter::Initialize:0):12,5
FunctionSignature(SpellCheckingQueryRewriter::RewriteQuery:1):25,5
FunctionSignature(SpellCheckingQueryRewriterTest::TestRewrite:0):9,5
ConstructorSignature(DocumentIndexer::DocumentIndexer:2):22,5
FunctionSignature(DocumentIndexer::AddDocument:1):55,5
FunctionSignature(DocumentIndexer::DeleteDocuments:1):63,5
FunctionSignature(DocumentIndexer::CommitChanges:0):72,5
FunctionSignature(DocumentIndexer::ClearIndex:0):80,5
FunctionSignature(DocumentIndexer::UpdateReader:0):87,5
FunctionSignature(DocumentIndexer::AddIndexUpdateListener:1):100,5
FunctionSignature(DocumentIndexer::RemoveIndexUpdateListener:1):105,5
FunctionSignature(DocumentIndexer::NotifyIndexUpdateListeners:0):110,5
FunctionSignature(DocumentIndexer::IsUsable:0):119,5
FunctionSignature(DocumentIndexer::Dispose:0):133,5
FunctionSignature(DocumentIndexer::Dispose:1):139,5
FunctionSignature(DocumentIndexer::Dispose:2):145,5
DestructorSignature(DocumentIndexer::DocumentIndexer:0):163,5
FunctionSignature(DocumentIndexer::get:0):168,5
FunctionSignature(DocumentIndexer::set:0):168,5
FunctionSignature(DocumentIndexer::get:0):169,5
FunctionSignature(DocumentIndexer::set:0):169,5
FunctionSignature(DocumentIndexer::get:0):170,5
FunctionSignature(DocumentIndexer::set:0):170,5
FunctionSignature(DocumentIndexer::get:0):171,5
FunctionSignature(DocumentIndexer::set:0):171,5
FunctionSignature(DocumentIndexer::get:0):172,5
FunctionSignature(DocumentIndexer::set:0):172,5
FunctionSignature(DocumentIndexerFactory::CreateIndexer:2):185,5
FunctionSignature(DocumentIndexerFactory::CreateInstance:2):203,5
ConstructorSignature(ClassDocument::ClassDocument:1):9,5
ConstructorSignature(ClassDocument::ClassDocument:1):14,5
FunctionSignature(ClassDocument::AddDocumentFields:0):19,5
FunctionSignature(ClassDocument::ReadProgramElementFromDocument:6):30,5
ConstructorSignature(CommentDocument::CommentDocument:1):9,5
ConstructorSignature(CommentDocument::CommentDocument:1):14,5
FunctionSignature(CommentDocument::AddDocumentFields:0):19,5
FunctionSignature(CommentDocument::ReadProgramElementFromDocument:6):25,5
ConstructorSignature(DocCommentDocument::DocCommentDocument:1):9,5
ConstructorSignature(DocCommentDocument::DocCommentDocument:1):14,5
FunctionSignature(DocCommentDocument::AddDocumentFields:0):19,5
FunctionSignature(DocCommentDocument::ReadProgramElementFromDocument:6):26,5
FunctionSignature(DocumentFactory::Create:1):8,5
ConstructorSignature(EnumDocument::EnumDocument:1):9,5
ConstructorSignature(EnumDocument::EnumDocument:1):14,5
FunctionSignature(EnumDocument::AddDocumentFields:0):19,5
FunctionSignature(EnumDocument::ReadProgramElementFromDocument:6):27,5
ConstructorSignature(FieldDocument::FieldDocument:1):9,5
ConstructorSignature(FieldDocument::FieldDocument:1):14,5
FunctionSignature(FieldDocument::AddDocumentFields:0):19,5
FunctionSignature(FieldDocument::ReadProgramElementFromDocument:6):30,5
ConstructorSignature(MethodDocument::MethodDocument:1):9,5
ConstructorSignature(MethodDocument::MethodDocument:1):14,5
FunctionSignature(MethodDocument::AddDocumentFields:0):19,5
FunctionSignature(MethodDocument::ReadProgramElementFromDocument:6):32,5
ConstructorSignature(MethodPrototypeDocument::MethodPrototypeDocument:1):9,5
ConstructorSignature(MethodPrototypeDocument::MethodPrototypeDocument:1):14,5
FunctionSignature(MethodPrototypeDocument::AddDocumentFields:0):19,5
FunctionSignature(MethodPrototypeDocument::ReadProgramElementFromDocument:6):28,5
ConstructorSignature(PropertyDocument::PropertyDocument:1):9,5
ConstructorSignature(PropertyDocument::PropertyDocument:1):14,5
FunctionSignature(PropertyDocument::AddDocumentFields:0):19,5
FunctionSignature(PropertyDocument::ReadProgramElementFromDocument:6):30,5
ConstructorSignature(SandoDocument::SandoDocument:1):10,5
ConstructorSignature(SandoDocument::SandoDocument:1):15,5
FunctionSignature(SandoDocument::GetDocument:0):20,5
FunctionSignature(SandoDocument::AddCustomFields:0):38,5
FunctionSignature(SandoDocument::ReadProgramElementFromDocument:0):47,5
FunctionSignature(SandoDocument::AddDocumentFields:0):60,5
FunctionSignature(SandoDocument::ReadProgramElementFromDocument:6):66,5
FunctionSignature(SandoDocument::SetCustomFields:1):74,5
FunctionSignature(SandoDocument::GetMyType:0):87,5
FunctionSignature(SandoDocument::StandardizeFilePath:1):104,5
FunctionSignature(SandoDocument::ReadProgramElementFromDocument:2):117,5
FunctionSignature(SandoDocumentStringExtension::ToSandoSearchable:1):10,5
FunctionSignature(SandoDocumentStringExtension::ToSandoDisplayable:1):31,5
ConstructorSignature(StructDocument::StructDocument:1):12,5
ConstructorSignature(StructDocument::StructDocument:1):17,5
FunctionSignature(StructDocument::AddDocumentFields:0):22,5
FunctionSignature(StructDocument::ReadProgramElementFromDocument:6):32,5
ConstructorSignature(TextLineDocument::TextLineDocument:1):9,5
ConstructorSignature(TextLineDocument::TextLineDocument:1):14,5
FunctionSignature(TextLineDocument::AddDocumentFields:0):19,5
FunctionSignature(TextLineDocument::ReadProgramElementFromDocument:6):25,5
ConstructorSignature(IndexerException::IndexerException:2):9,5
ConstructorSignature(IndexerException::IndexerException:3):14,5
ConstructorSignature(IndexerException::IndexerException:3):19,5
FunctionSignature(CppHeaderElementResolver::GenerateCppHeaderElements:2):16,5
FunctionSignature(CppHeaderElementResolver::GetDocumentForUnresolvedCppMethod:2):40,5
FunctionSignature(FileOperationResolver::ResolveRequiredOperation:2):7,5
ConstructorSignature(IndexFilesStatesManager::IndexFilesStatesManager:2):12,5
FunctionSignature(IndexFilesStatesManager::ReadIndexFilesStates:0):23,5
FunctionSignature(IndexFilesStatesManager::ConvertDeserializedListToIndexFilesStates:1):47,5
FunctionSignature(IndexFilesStatesManager::SaveIndexFilesStates:0):57,5
FunctionSignature(IndexFilesStatesManager::ConvertIndexFilesStatesToSerializableList:0):79,5
FunctionSignature(IndexFilesStatesManager::GetIndexFileState:1):89,5
FunctionSignature(IndexFilesStatesManager::UpdateIndexFileState:2):100,5
ConstructorSignature(IndexFileState::IndexFileState:0):7,5
ConstructorSignature(IndexFileState::IndexFileState:2):11,5
FunctionSignature(IndexFileState::get:0):17,5
FunctionSignature(IndexFileState::set:0):17,5
FunctionSignature(IndexFileState::get:0):18,5
FunctionSignature(IndexFileState::set:0):18,5
ConstructorSignature(IndexState::IndexState:0):9,5
FunctionSignature(IndexState::get:0):14,5
FunctionSignature(IndexState::set:0):14,5
FunctionSignature(IndexState::Equals:1):16,5
FunctionSignature(IndexState::GetHashCode:0):30,5
FunctionSignature(RelevantFileInfo::get:0):38,5
FunctionSignature(RelevantFileInfo::set:0):38,5
FunctionSignature(RelevantFileInfo::get:0):39,5
FunctionSignature(RelevantFileInfo::set:0):39,5
FunctionSignature(IndexStateManager::IsIndexRecreationRequired:1):13,5
FunctionSignature(IndexStateManager::SaveCurrentIndexState:1):27,5
FunctionSignature(IndexStateManager::ConstructIndexPaths:0):38,5
FunctionSignature(IndexStateManager::readPreviousIndexState:1):45,5
FunctionSignature(IndexStateManager::readCurrentIndexState:2):69,5
FunctionSignature(IndexStateManager::findAndAddRelevantFilesToIndexState:2):80,5
FunctionSignature(IndexStateManager::saveIndexState:2):92,5
FunctionSignature(PhysicalFilesStatesManager::GetPhysicalFileState:1):9,5
ConstructorSignature(PhysicalFileState::PhysicalFileState:2):7,5
FunctionSignature(PhysicalFileState::get:0):13,5
FunctionSignature(PhysicalFileState::set:0):13,5
FunctionSignature(PhysicalFileState::get:0):14,5
FunctionSignature(PhysicalFileState::set:0):14,5
FunctionSignature(DefaultQueryRewriter::RewriteQuery:1):10,5
ConstructorSignature(IndexerSearcher::IndexerSearcher:1):12,5
FunctionSignature(IndexerSearcher::Search:1):17,5
FunctionSignature(IndexerSearcherFactory::CreateSearcher:1):44,5
FunctionSignature(ProgramElementReader::ReadProgramElementFromDocument:1):13,5
FunctionSignature(QueryWeightsSupplier::GetQueryWeightsValues:0):11,5
ConstructorSignature(AndSearchCriteria::AndSearchCriteria:2):7,5
FunctionSignature(AndSearchCriteria::ToQueryString:0):16,5
FunctionSignature(AndSearchCriteria::get:0):21,5
FunctionSignature(AndSearchCriteria::set:0):21,5
FunctionSignature(AndSearchCriteria::get:0):22,5
FunctionSignature(AndSearchCriteria::set:0):22,5
ConstructorSignature(NotSearchCriteria::NotSearchCriteria:2):13,5
FunctionSignature(NotSearchCriteria::ToQueryString:0):22,5
FunctionSignature(NotSearchCriteria::get:0):27,5
FunctionSignature(NotSearchCriteria::set:0):27,5
FunctionSignature(NotSearchCriteria::get:0):28,5
FunctionSignature(NotSearchCriteria::set:0):28,5
ConstructorSignature(OrSearchCriteria::OrSearchCriteria:2):7,5
FunctionSignature(OrSearchCriteria::ToQueryString:0):16,5
FunctionSignature(OrSearchCriteria::get:0):21,5
FunctionSignature(OrSearchCriteria::set:0):21,5
FunctionSignature(OrSearchCriteria::get:0):22,5
FunctionSignature(OrSearchCriteria::set:0):22,5
ConstructorSignature(ParenthesisSearchCriteria::ParenthesisSearchCriteria:1):7,5
FunctionSignature(ParenthesisSearchCriteria::ToQueryString:0):14,5
FunctionSignature(ParenthesisSearchCriteria::get:0):19,5
FunctionSignature(ParenthesisSearchCriteria::set:0):19,5
ConstructorSignature(SearchCriteria::SearchCriteria:0):5,5
FunctionSignature(SearchCriteria::Equals:1):12,5
FunctionSignature(SearchCriteria::GetHashCode:0):20,5
FunctionSignature(SearchCriteria::get:0):25,5
FunctionSignature(SearchCriteria::set:0):25,5
ConstructorSignature(SimpleSearchCriteria::SimpleSearchCriteria:0):15,5
FunctionSignature(SimpleSearchCriteria::ToQueryString:0):29,5
FunctionSignature(SimpleSearchCriteria::AccessLevelCriteriaToString:1):53,5
FunctionSignature(SimpleSearchCriteria::ProgramElementTypeCriteriaToString:1):74,5
FunctionSignature(SimpleSearchCriteria::LocationCriteriaToString:1):100,5
FunctionSignature(SimpleSearchCriteria::UsageTypeCriteriaToString:2):121,5
FunctionSignature(SimpleSearchCriteria::EscapeSpecialCharacters:1):173,5
FunctionSignature(SimpleSearchCriteria::SingleUsageTypeCriteriaToString:3):195,5
FunctionSignature(SimpleSearchCriteria::AppendBoostFactor:2):249,5
FunctionSignature(SimpleSearchCriteria::get:0):258,5
FunctionSignature(SimpleSearchCriteria::set:0):258,5
FunctionSignature(SimpleSearchCriteria::get:0):259,5
FunctionSignature(SimpleSearchCriteria::set:0):259,5
FunctionSignature(SimpleSearchCriteria::get:0):260,5
FunctionSignature(SimpleSearchCriteria::set:0):260,5
FunctionSignature(SimpleSearchCriteria::get:0):261,5
FunctionSignature(SimpleSearchCriteria::set:0):261,5
FunctionSignature(SimpleSearchCriteria::get:0):262,5
FunctionSignature(SimpleSearchCriteria::set:0):262,5
FunctionSignature(SimpleSearchCriteria::get:0):263,5
FunctionSignature(SimpleSearchCriteria::set:0):263,5
FunctionSignature(SimpleSearchCriteria::get:0):264,5
FunctionSignature(SimpleSearchCriteria::set:0):264,5
FunctionSignature(SimpleSearchCriteria::get:0):265,5
FunctionSignature(SimpleSearchCriteria::set:0):265,5
FunctionSignature(SimpleSearchCriteria::get:0):266,5
FunctionSignature(SimpleSearchCriteria::set:0):266,5
FunctionSignature(SimpleSearchCriteria::get:0):267,5
FunctionSignature(SimpleSearchCriteria::set:0):267,5
FunctionSignature(SimpleSearchCriteria::get:0):268,5
FunctionSignature(SimpleSearchCriteria::set:0):268,5
ConstructorSignature(ParserException::ParserException:2):9,5
ConstructorSignature(SrcMLCppParser::SrcMLCppParser:0):19,5
ConstructorSignature(SrcMLCppParser::SrcMLCppParser:1):24,5
FunctionSignature(SrcMLCppParser::SetSrcMLPath:1):42,5
FunctionSignature(SrcMLCppParser::Parse:1):47,5
FunctionSignature(SrcMLCppParser::ParseCppFunctionPrototypes:3):72,5
FunctionSignature(SrcMLCppParser::ParseCppConstructorPrototypes:3):83,5
FunctionSignature(SrcMLCppParser::ParseCppFunctionPrototype:3):94,5
FunctionSignature(SrcMLCppParser::ParseCppIncludes:1):131,5
FunctionSignature(SrcMLCppParser::ParseClasses:3):150,5
FunctionSignature(SrcMLCppParser::ParseStructs:3):161,5
FunctionSignature(SrcMLCppParser::ParseClassOrStruct:3):172,5
FunctionSignature(SrcMLCppParser::ParseConstructors:3):230,5
FunctionSignature(SrcMLCppParser::ParseFunctions:3):242,5
FunctionSignature(SrcMLCppParser::ParseCppFunction:7):254,5
FunctionSignature(SrcMLCppParser::ParseCppEnums:3):328,5
FunctionSignature(SrcMLCppParser::RetrieveStructElement:2):396,5
FunctionSignature(SrcMLCppParser::RetrieveCppAccessLevel:1):416,5
ConstructorSignature(SrcMLCSharpParser::SrcMLCSharpParser:0):20,5
ConstructorSignature(SrcMLCSharpParser::SrcMLCSharpParser:1):25,5
FunctionSignature(SrcMLCSharpParser::SetSrcMLPath:1):44,5
FunctionSignature(SrcMLCSharpParser::Parse:1):53,5
FunctionSignature(SrcMLCSharpParser::ParseProperties:3):77,5
FunctionSignature(SrcMLCSharpParser::ParseClasses:3):122,5
FunctionSignature(SrcMLCSharpParser::ParseStructs:3):133,5
FunctionSignature(SrcMLCSharpParser::ParseStruct:2):147,5
FunctionSignature(SrcMLCSharpParser::ParseClass:2):181,5
FunctionSignature(SrcMLCSharpParser::ParseConstructors:3):227,5
FunctionSignature(SrcMLCSharpParser::ParseMethods:3):238,5
FunctionSignature(SrcMLCSharpParser::ParseMethod:4):250,5
FunctionSignature(SrcMLCSharpParser::ParseMethod:5):255,5
FunctionSignature(SrcMLCSharpParser::ParseEnums:3):349,5
FunctionSignature(SrcMLGenerator::get:0):26,5
FunctionSignature(SrcMLGenerator::set:0):26,5
FunctionSignature(SrcMLGenerator::Generator:1):28,5
ConstructorSignature(SrcMLGenerator::SrcMLGenerator:1):33,5
ConstructorSignature(SrcMLGenerator::SrcMLGenerator:0):38,5
FunctionSignature(SrcMLGenerator::SetSrcMLLocation:1):43,5
FunctionSignature(SrcMLGenerator::GenerateSrcML:1):65,5
FunctionSignature(SrcMLGenerator::LaunchSrcML:1):76,5
FunctionSignature(_readInput_DoWork:2):158,5
FunctionSignature(SrcMLParsingUtils::ParseFields:3):19,5
FunctionSignature(SrcMLParsingUtils::ParseComments:3):69,5
FunctionSignature(SrcMLParsingUtils::GetCommentSummary:1):160,5
FunctionSignature(SrcMLParsingUtils::GetCommentText:2):185,5
FunctionSignature(SrcMLParsingUtils::ParseBody:1):208,5
FunctionSignature(SrcMLParsingUtils::ParseNameAndLineNumber:3):252,5
FunctionSignature(SrcMLParsingUtils::RetrieveClassElement:2):288,5
FunctionSignature(SrcMLParsingUtils::RetrieveMethodElement:2):315,5
FunctionSignature(SrcMLParsingUtils::RetrieveSource:1):337,5
FunctionSignature(SrcMLParsingUtils::RetrieveSource:1):372,5
FunctionSignature(SrcMLParsingUtils::RetrieveAccessLevel:2):379,5
FunctionSignature(TextFileParser::Parse:1):12,5
FunctionSignature(GetSizeInMb:1):50,5
FunctionSignature(XMLFileParser::Parse:1):16,5
FunctionSignature(CamelIdSplitter::Split:1):10,5
ConstructorSignature(QueryRecommender::QueryRecommender:0):17,5
FunctionSignature(QueryRecommender::GenerateRecommendations:1):22,5
FunctionSignature(QueryRecommender::AddRecommendation:1):40,5
FunctionSignature(QueryRecommender::AddRecommendation:2):44,5
FunctionSignature(QueryRecommender::WeightByFrequency:1):54,5
FunctionSignature(QueryRecommender::WeightBySameField:1):126,5
FunctionSignature(QueryRecommender::WeightBySameField_WordsInOrder:1):221,5
FunctionSignature(QueryRecommender::WeightByPartOfSpeech:1):325,5
FunctionSignature(QueryRecommender::FindWordInPhraseNode:2):429,5
FunctionSignature(QueryRecommender::GetWeightForPartOfSpeech:1):443,5
FunctionSignature(SwumDataRecord::get:0):12,5
FunctionSignature(SwumDataRecord::set:0):12,5
FunctionSignature(SwumDataRecord::get:0):13,5
FunctionSignature(SwumDataRecord::set:0):13,5
FunctionSignature(SwumDataRecord::get:0):14,5
FunctionSignature(SwumDataRecord::set:0):14,5
FunctionSignature(SwumDataRecord::get:0):15,5
FunctionSignature(SwumDataRecord::set:0):15,5
FunctionSignature(SwumDataRecord::get:0):16,5
FunctionSignature(SwumDataRecord::set:0):16,5
FunctionSignature(SwumDataRecord::get:0):17,5
FunctionSignature(SwumDataRecord::set:0):17,5
FunctionSignature(SwumDataRecord::get:0):18,5
FunctionSignature(SwumDataRecord::set:0):18,5
FunctionSignature(SwumDataRecord::get:0):19,5
FunctionSignature(SwumDataRecord::set:0):19,5
ConstructorSignature(SwumDataRecord::SwumDataRecord:0):24,5
FunctionSignature(SwumDataRecord::ToString:0):38,5
FunctionSignature(SwumDataRecord::Parse:1):47,5
ConstructorSignature(SwumManager::SwumManager:0):32,5
FunctionSignature(SwumManager::get:0):43,5
FunctionSignature(SwumManager::get:0):55,5
FunctionSignature(SwumManager::set:0):56,5
FunctionSignature(SwumManager::get:0):62,5
FunctionSignature(SwumManager::set:0):62,5
FunctionSignature(SwumManager::get:0):67,5
FunctionSignature(SwumManager::set:0):67,5
FunctionSignature(SwumManager::get:0):72,5
FunctionSignature(SwumManager::set:0):72,5
FunctionSignature(SwumManager::Initialize:2):79,5
FunctionSignature(SwumManager::Initialize:3):89,5
FunctionSignature(SwumManager::AddSourceFile:1):108,5
FunctionSignature(SwumManager::AddSrcMLFile:1):144,5
FunctionSignature(SwumManager::UpdateSourceFile:1):152,5
FunctionSignature(SwumManager::RemoveSourceFile:1):161,5
FunctionSignature(SwumManager::Clear:0):186,5
FunctionSignature(SwumManager::PrintSwumCache:0):195,5
FunctionSignature(SwumManager::PrintSwumCache:1):203,5
FunctionSignature(ReadSwumCache:1):231,5
FunctionSignature(GetSwumForSignature:1):265,5
FunctionSignature(GetSwumData:0):280,5
FunctionSignature(AddSwumForMethodDefinitions:1):296,5
FunctionSignature(ConstructSwumFromMethodElement:1):329,5
FunctionSignature(ConstructSwumFromMethodElement:2):339,5
FunctionSignature(ProcessSwumNode:1):397,5
ConstructorSignature(ClassElement::ClassElement:10):8,5
FunctionSignature(ClassElement::get:0):24,5
FunctionSignature(ClassElement::set:0):24,5
FunctionSignature(ClassElement::get:0):25,5
FunctionSignature(ClassElement::set:0):25,5
FunctionSignature(ClassElement::get:0):26,5
FunctionSignature(ClassElement::set:0):26,5
FunctionSignature(ClassElement::get:0):27,5
FunctionSignature(ClassElement::set:0):27,5
FunctionSignature(ClassElement::get:0):28,5
FunctionSignature(ClassElement::set:0):28,5
FunctionSignature(ClassElement::get:0):29,5
FunctionSignature(ClassElement::set:0):29,5
FunctionSignature(ClassElement::get:0):30,5
ConstructorSignature(CommentElement::CommentElement:5):8,5
FunctionSignature(CommentElement::get:0):16,5
FunctionSignature(CommentElement::set:0):16,5
FunctionSignature(CommentElement::get:0):17,5
FunctionSignature(CppUnresolvedMethodElement::TryResolve:3):21,5
FunctionSignature(CppUnresolvedMethodElement::Copy:0):40,5
FunctionSignature(CppUnresolvedMethodElement::SetCustomFields:2):49,5
FunctionSignature(CppUnresolvedMethodElement::GetResolvedType:0):65,5
FunctionSignature(CppUnresolvedMethodElement::ResolveClassId:3):70,5
FunctionSignature(CppUnresolvedMethodElement::ResolveAccessType:3):90,5
FunctionSignature(CppUnresolvedMethodElement::get:0):105,5
FunctionSignature(CppUnresolvedMethodElement::set:0):105,5
FunctionSignature(CppUnresolvedMethodElement::get:0):106,5
FunctionSignature(CppUnresolvedMethodElement::set:0):106,5
ConstructorSignature(CustomIndexFieldAttribute::CustomIndexFieldAttribute:0):15,5
ConstructorSignature(DocCommentElement::DocCommentElement:6):8,5
FunctionSignature(DocCommentElement::get:0):19,5
FunctionSignature(DocCommentElement::set:0):19,5
FunctionSignature(DocCommentElement::get:0):20,5
FunctionSignature(DocCommentElement::set:0):20,5
FunctionSignature(DocCommentElement::get:0):21,5
ConstructorSignature(EnumElement::EnumElement:7):8,5
FunctionSignature(EnumElement::get:0):19,5
FunctionSignature(EnumElement::set:0):19,5
FunctionSignature(EnumElement::get:0):20,5
FunctionSignature(EnumElement::set:0):20,5
FunctionSignature(EnumElement::get:0):21,5
FunctionSignature(EnumElement::set:0):21,5
FunctionSignature(EnumElement::get:0):22,5
ConstructorSignature(FieldElement::FieldElement:10):8,5
FunctionSignature(FieldElement::get:0):25,5
FunctionSignature(FieldElement::set:0):25,5
FunctionSignature(FieldElement::get:0):26,5
FunctionSignature(FieldElement::set:0):26,5
FunctionSignature(FieldElement::get:0):27,5
FunctionSignature(FieldElement::set:0):27,5
FunctionSignature(FieldElement::get:0):28,5
FunctionSignature(FieldElement::set:0):28,5
FunctionSignature(FieldElement::get:0):29,5
FunctionSignature(FieldElement::set:0):29,5
FunctionSignature(FieldElement::get:0):30,5
FunctionSignature(FieldElement::set:0):30,5
FunctionSignature(FieldElement::get:0):31,5
ConstructorSignature(MethodPrototypeElement::MethodPrototypeElement:8):8,5
FunctionSignature(MethodPrototypeElement::get:0):21,5
FunctionSignature(MethodPrototypeElement::set:0):21,5
FunctionSignature(MethodPrototypeElement::get:0):22,5
FunctionSignature(MethodPrototypeElement::set:0):22,5
FunctionSignature(MethodPrototypeElement::get:0):23,5
FunctionSignature(MethodPrototypeElement::set:0):23,5
FunctionSignature(MethodPrototypeElement::get:0):24,5
FunctionSignature(MethodPrototypeElement::set:0):24,5
FunctionSignature(MethodPrototypeElement::get:0):25,5
FunctionSignature(ProgramElement::get:0):14,5
ConstructorSignature(ProgramElement::ProgramElement:4):17,5
FunctionSignature(ProgramElement::get:0):44,5
FunctionSignature(ProgramElement::set:0):49,5
FunctionSignature(ProgramElement::get:0):52,5
FunctionSignature(ProgramElement::set:0):52,5
FunctionSignature(ProgramElement::get:0):53,5
FunctionSignature(ProgramElement::set:0):53,5
FunctionSignature(ProgramElement::get:0):54,5
FunctionSignature(ProgramElement::set:0):54,5
FunctionSignature(ProgramElement::get:0):55,5
FunctionSignature(ProgramElement::set:0):55,5
FunctionSignature(ProgramElement::get:0):58,5
FunctionSignature(ProgramElement::GetCustomProperties:0):65,5
FunctionSignature(ProgramElement::GetName:0):87,5
ConstructorSignature(PropertyElement::PropertyElement:10):8,5
FunctionSignature(PropertyElement::get:0):26,5
FunctionSignature(PropertyElement::set:0):26,5
FunctionSignature(PropertyElement::get:0):27,5
FunctionSignature(PropertyElement::set:0):27,5
FunctionSignature(PropertyElement::get:0):28,5
FunctionSignature(PropertyElement::set:0):28,5
FunctionSignature(PropertyElement::get:0):29,5
FunctionSignature(PropertyElement::set:0):29,5
FunctionSignature(PropertyElement::get:0):30,5
FunctionSignature(PropertyElement::set:0):30,5
FunctionSignature(PropertyElement::get:0):31,5
FunctionSignature(PropertyElement::set:0):31,5
FunctionSignature(PropertyElement::get:0):32,5
ConstructorSignature(StructElement::StructElement:9):8,5
FunctionSignature(StructElement::get:0):22,5
FunctionSignature(StructElement::set:0):22,5
FunctionSignature(StructElement::get:0):23,5
FunctionSignature(StructElement::set:0):23,5
FunctionSignature(StructElement::get:0):24,5
FunctionSignature(StructElement::set:0):24,5
FunctionSignature(StructElement::get:0):25,5
FunctionSignature(StructElement::set:0):25,5
FunctionSignature(StructElement::get:0):26,5
FunctionSignature(StructElement::set:0):26,5
FunctionSignature(StructElement::get:0):27,5
ConstructorSignature(TextLineElement::TextLineElement:5):9,5
FunctionSignature(TextLineElement::get:0):17,5
FunctionSignature(TextLineElement::set:0):17,5
FunctionSignature(TextLineElement::get:0):21,5
FunctionSignature(CodeSearchResult::get:0):20,5
FunctionSignature(CodeSearchResult::set:0):20,5
FunctionSignature(CodeSearchResult::get:0):30,5
FunctionSignature(CodeSearchResult::set:0):31,5
FunctionSignature(CodeSearchResult::get:0):36,5
FunctionSignature(CodeSearchResult::get:0):55,5
FunctionSignature(CodeSearchResult::get:0):60,5
FunctionSignature(CodeSearchResult::get:0):70,5
FunctionSignature(CodeSearchResult::SourceToSnippet:2):77,5
FunctionSignature(CodeSearchResult::get:0):131,5
FunctionSignature(CodeSearchResult::get:0):149,5
FunctionSignature(CodeSearchResult::get:0):166,5
ConstructorSignature(CodeSearchResult::CodeSearchResult:2):180,5
ConstructorSignature(NoSearchResults::NoSearchResults:2):13,5
FunctionSignature(NoSearchResults::Instance:2):17,5
FunctionSignature(CodeSearcher::get:0):28,5
FunctionSignature(CodeSearcher::set:0):28,5
ConstructorSignature(CodeSearcher::CodeSearcher:1):37,5
FunctionSignature(CodeSearcher::Search:1):50,5
FunctionSignature(CodeSearcher::Search:2):66,5
FunctionSignature(CodeSearcher::GetSearchTerms:1):74,5
FunctionSignature(CodeSearcher::GetResultOrEmpty:3):86,5
FunctionSignature(CodeSearcher::GetCriteria:2):106,5
FunctionSignature(SortByScoreResultsReorderer::ReorderSearchResults:1):8,5
FunctionSignature(MyFontConverter::Convert:4):9,5
FunctionSignature(MyFontConverter::ConvertBack:4):27,5
FunctionSignature(MyStrokeConverter::Convert:4):9,5
FunctionSignature(MyStrokeConverter::ConvertBack:4):27,5
FunctionSignature(UIPackage::get:0):80,5
FunctionSignature(UIPackage::set:0):81,5
ConstructorSignature(UIPackage::UIPackage:0):91,5
FunctionSignature(UIPackage::GetSandoOptions:1):101,5
FunctionSignature(UIPackage::GetSandoOptions:3):106,5
FunctionSignature(UIPackage::Initialize:0):133,5
FunctionSignature(UIPackage::SetUpLifeCycleEvents:0):153,5
FunctionSignature(UIPackage::SandoWindowActivated:2):164,5
FunctionSignature(UIPackage::AddCommand:0):189,5
FunctionSignature(UIPackage::StartupCompleted:0):202,5
FunctionSignature(UIPackage::RegisterSolutionEvents:0):223,5
FunctionSignature(UIPackage::DteEventsOnOnBeginShutdown:0):244,5
FunctionSignature(UIPackage::SetUpLogger:0):256,5
FunctionSignature(UIPackage::RegisterExtensionPoints:0):267,5
FunctionSignature(UIPackage::GetExtensionPointsConfigurationFilePath:1):310,5
FunctionSignature(UIPackage::GetExtensionPointsConfigurationDirectory:0):316,5
FunctionSignature(UIPackage::GetSrcMLDirectory:0):327,5
FunctionSignature(UIPackage::SolutionAboutToClose:0):332,5
FunctionSignature(UIPackage::GetOpenSolution:0):355,5
FunctionSignature(UIPackage::SolutionHasBeenOpened:0):369,5
FunctionSignature(UIPackage::RespondToSolutionOpened:2):378,5
FunctionSignature(UIPackage::AddNewParser:3):406,5
FunctionSignature(UIPackage::GetInstance:0):425,5
FunctionSignature(UIPackage::GetCurrentDirectory:0):434,5
FunctionSignature(UIPackage::GetCurrentSolutionKey:0):443,5
FunctionSignature(UIPackage::NotifyAboutIndexUpdate:0):453,5
FunctionSignature(UIPackage::IsPerformingInitialIndexing:0):460,5
FunctionSignature(UIPackage::PluginDirectory:0):474,5
FunctionSignature(UIPackage::GetDte:0):479,5
FunctionSignature(UIPackage::EnsureViewExists:0):484,5
FunctionSignature(SearchResultUIItem::get:0):15,5
FunctionSignature(SearchResultUIItem::get:0):23,5
FunctionSignature(SearchResultUIItem::get:0):31,5
FunctionSignature(SearchResultUIItem::get:0):39,5
FunctionSignature(SearchResultUIItem::get:0):47,5
FunctionSignature(SearchResultUIItem::get:0):55,5
FunctionSignature(SearchResultUIItem::get:0):63,5
FunctionSignature(SearchResultUIItem::get:0):81,5
FunctionSignature(SearchResultUIItem::get:0):86,5
FunctionSignature(SearchResultUIItem::get:0):122,5
ConstructorSignature(SearchResultUIItem::SearchResultUIItem:1):132,5
FunctionSignature(SearchResultUIItem::get:0):143,5
FunctionSignature(SearchResultUIItem::set:0):144,5
FunctionSignature(Constant::get:0):154,5
FunctionSignature(Constant::get:0):159,5
FunctionSignature(Constant::get:0):164,5
FunctionSignature(Constant::get:0):169,5
ConstructorSignature(BackgroundWorkersManager<T>::BackgroundWorkersManager:2):10,5
FunctionSignature(BackgroundWorkersManager<T>::AddWorker:2):23,5
FunctionSignature(BackgroundWorkersManager<T>::GetNumberOfCurrentlyRunningWorkers:0):32,5
FunctionSignature(BackgroundWorkersManager<T>::ProcessQueue:0):40,5
FunctionSignature(BackgroundWorkersManager<T>::RunWorkerCompleted:2):57,5
DestructorSignature(BackgroundWorkersManager<T>::BackgroundWorkersManager:0):67,5
ConstructorSignature(IndexUpdateManager::IndexUpdateManager:3):26,5
FunctionSignature(IndexUpdateManager::SaveFileStates:0):37,5
FunctionSignature(IndexUpdateManager::UpdateFile:1):42,5
FunctionSignature(IndexUpdateManager::Update:3):98,5
FunctionSignature(SolutionWrapper::FindProjectItem:1):11,5
FunctionSignature(SolutionWrapper::getProjects:0):16,5
FunctionSignature(SolutionWrapper::Create:1):21,5
ConstructorSignature(StandardSolutionWrapper::StandardSolutionWrapper:1):30,5
FunctionSignature(StandardSolutionWrapper::FindProjectItem:1):35,5
FunctionSignature(StandardSolutionWrapper::getProjects:0):40,5
FunctionSignature(SolutionMonitor::PerformingInitialIndexing:0):33,5
ConstructorSignature(SolutionMonitor::SolutionMonitor:4):41,5
FunctionSignature(SolutionMonitor::_processFileInBackground_DoWork:2):54,5
FunctionSignature(SolutionMonitor::_runStartupInBackground_DoWork:2):61,5
FunctionSignature(SolutionMonitor::UpdateAfterAdditions:0):90,5
FunctionSignature(SolutionMonitor::StartMonitoring:0):100,5
FunctionSignature(SolutionMonitor::ProcessItems:2):113,5
FunctionSignature(SolutionMonitor::ProcessItem:2):127,5
FunctionSignature(SolutionMonitor::ProcessChildren:2):133,5
FunctionSignature(SolutionMonitor::ProcessProject:2):151,5
FunctionSignature(SolutionMonitor::ProcessSingleFile:2):174,5
FunctionSignature(SolutionMonitor::ProcessFileForTesting:1):207,5
FunctionSignature(SolutionMonitor::StopMonitoring:1):212,5
FunctionSignature(SolutionMonitor::Dispose:1):217,5
FunctionSignature(SolutionMonitor::OnAfterFirstDocumentLock:4):247,5
FunctionSignature(SolutionMonitor::OnBeforeLastDocumentUnlock:4):253,5
FunctionSignature(SolutionMonitor::OnAfterSave:1):259,5
FunctionSignature(SolutionMonitor::OnAfterAttributeChange:2):271,5
FunctionSignature(SolutionMonitor::OnBeforeDocumentWindowShow:3):276,5
FunctionSignature(SolutionMonitor::OnAfterDocumentWindowHide:2):281,5
FunctionSignature(SolutionMonitor::GetCurrentDirectory:0):287,5
FunctionSignature(SolutionMonitor::GetSolutionKey:0):292,5
FunctionSignature(SolutionMonitor::AddUpdateListener:1):298,5
FunctionSignature(SolutionMonitor::RemoveUpdateListener:1):303,5
FunctionSignature(SolutionMonitorFactory::get:0):16,5
FunctionSignature(SolutionMonitorFactory::set:0):16,5
FunctionSignature(SolutionMonitorFactory::CreateMonitor:2):19,5
FunctionSignature(SolutionMonitorFactory::CreateMonitor:2):24,5
FunctionSignature(SolutionMonitorFactory::CreateLuceneFolder:0):40,5
FunctionSignature(SolutionMonitorFactory::CreateFolder:2):46,5
FunctionSignature(SolutionMonitorFactory::GetName:1):59,5
FunctionSignature(SolutionMonitorFactory::GetLuceneDirectoryForSolution:1):68,5
ConstructorSignature(SolutionReloadEventListener::SolutionReloadEventListener:0):22,5
FunctionSignature(SolutionReloadEventListener::InitNullEvents:0):34,5
FunctionSignature(IVsSolutionEvents::OnAfterOpenSolution:2):56,5
FunctionSignature(SolutionReloadEventListener::Dispose:0):96,5
FunctionSignature(GeneratedInternalTypeHelper::CreateInstance:2):25,5
FunctionSignature(GeneratedInternalTypeHelper::GetPropertyValue:3):33,5
FunctionSignature(GeneratedInternalTypeHelper::SetPropertyValue:4):40,5
FunctionSignature(GeneratedInternalTypeHelper::CreateDelegate:3):47,5
FunctionSignature(GeneratedInternalTypeHelper::AddEventHandler:3):57,5
FunctionSignature(SearchViewControl::InitializeComponent:0):117,5
FunctionSignature(IComponentConnector::Connect:2):133,5
FunctionSignature(IStyleConnector::Connect:2):212,5
FunctionSignature(FileOpener::OpenItem:1):15,5
FunctionSignature(FileOpener::OpenFile:2):25,5
FunctionSignature(FileOpener::InitDte2:0):41,5
ConstructorSignature(FirstTimeIntroduction::FirstTimeIntroduction:1):16,5
FunctionSignature(FirstTimeIntroduction::ShouldIntroduce:0):21,5
FunctionSignature(FirstTimeIntroduction::Introduced:0):39,5
FunctionSignature(FirstTimeIntroduction::Update:0):51,5
FunctionSignature(FirstTimeIntroduction::TooLongSinceLastSandoUsage:2):71,5
ConstructorSignature(SearchManager::SearchManager:1):24,5
FunctionSignature(SearchManager::GetSearcher:1):29,5
FunctionSignature(SearchManager::Search:3):41,5
FunctionSignature(SearchManager::GetSolutionName:1):102,5
FunctionSignature(SearchManager::SearchOnReturn:4):113,5
FunctionSignature(SearchManager::MarkInvalid:0):122,5
FunctionSignature(SearchManager::GetCriteria:3):133,5
ConstructorSignature(SearchToolWindow::SearchToolWindow:0):23,5
FunctionSignature(SearchToolWindow::GetSearchViewControl:0):43,5
FunctionSignature(SearchViewControl::get:0):41,5
FunctionSignature(SearchViewControl::set:0):42,5
FunctionSignature(SearchViewControl::get:0):51,5
FunctionSignature(SearchViewControl::set:0):52,5
FunctionSignature(SearchViewControl::get:0):60,5
FunctionSignature(SearchViewControl::set:0):64,5
FunctionSignature(SearchViewControl::get:0):72,5
FunctionSignature(SearchViewControl::set:0):76,5
FunctionSignature(SearchViewControl::get:0):84,5
FunctionSignature(SearchViewControl::set:0):88,5
FunctionSignature(SearchViewControl::get:0):96,5
FunctionSignature(SearchViewControl::get:0):104,5
FunctionSignature(SearchViewControl::get:0):112,5
FunctionSignature(SearchViewControl::get:0):120,5
ConstructorSignature(SearchViewControl::SearchViewControl:0):155,5
FunctionSignature(SearchViewControl::searchBox_Loaded:2):173,5
FunctionSignature(SearchViewControl::HandleTextBoxKeyDown:2):189,5
FunctionSignature(SearchViewControl::InitProgramElements:0):202,5
FunctionSignature(SearchViewControl::InitAccessLevels:0):218,5
FunctionSignature(SearchViewControl::selectFirstResult:2):227,5
FunctionSignature(SearchViewControl::SearchButtonClick:2):235,5
FunctionSignature(SearchViewControl::OnKeyUpHandler:2):240,5
FunctionSignature(SearchViewControl::BeginSearch:1):249,5
FunctionSignature(SearchViewControl::SearchAsync:2):287,5
FunctionSignature(SearchViewControl::sandoWorker_DoWork:2):301,5
FunctionSignature(SearchViewControl::UIElement_OnMouseDown:2):308,5
FunctionSignature(SearchViewControl::UIElement_OnKeyDown:2):321,5
FunctionSignature(SearchViewControl::GetInstance:0):337,5
FunctionSignature(SearchViewControl::NotifyAboutIndexUpdate:0):348,5
FunctionSignature(SearchViewControl::Update:1):357,5
FunctionSignature(SearchViewControl::UpdateResults:1):370,5
FunctionSignature(SearchViewControl::UpdateMessage:1):379,5
FunctionSignature(SearchViewControl::SetMessage:1):392,5
FunctionSignature(SearchViewControl::UpdateExpansionState:1):401,5
FunctionSignature(SearchViewControl::ShouldExpand:0):429,5
FunctionSignature(SearchViewControl::searchBox_Populating:2):442,5
FunctionSignature(SearchViewControl::recommendationWorker_DoWork:2):449,5
FunctionSignature(SearchViewControl::searchResultListbox_SelectionChanged:2):460,5
FunctionSignature(SearchViewControl::Toggled:2):465,5
FunctionSignature(SearchViewControl::UpdateRecommendations:2):470,5
FunctionSignature(SearchViewControl::FocusOnText:0):479,5
FunctionSignature(SearchViewControl::searchBoxListBox_SelectionChanged:2):486,5
ConstructorSignature(AccessWrapper::AccessWrapper:2):498,5
FunctionSignature(AccessWrapper::get:0):505,5
FunctionSignature(AccessWrapper::set:0):505,5
FunctionSignature(AccessWrapper::get:0):506,5
FunctionSignature(AccessWrapper::set:0):506,5
ConstructorSignature(ProgramElementWrapper::ProgramElementWrapper:2):512,5
FunctionSignature(ProgramElementWrapper::get:0):519,5
FunctionSignature(ProgramElementWrapper::set:0):519,5
FunctionSignature(ProgramElementWrapper::get:0):520,5
FunctionSignature(ProgramElementWrapper::set:0):520,5
FunctionSignature(ElementToIcon::Convert:4):529,5
FunctionSignature(GetMethodSignatureFromCall:2):363,6
FunctionSignature(AdaptCSharpToJavaParsing:1):171,7
FunctionSignature(IVsSolutionEvents::OnBeforeCloseSolution:1):66,7
FunctionSignature(IVsSolutionEvents::OnQueryCloseProject:3):76,8
FunctionSignature(IVsSolutionEvents::OnAfterLoadProject:2):46,9
FunctionSignature(IVsSolutionEvents::OnQueryUnloadProject:2):86,10
